Workbook

Sheet Data
A1: Item # | B1: Study / source | C1: What was measured | D1: Value | E1: Unit | F1: Base size | G1: Base unit | H1: Slide | I1: Source (URL) | J1: Source type | K1: Compare with item # | L1: Implied count (calc 1) | M1: Ratio vs. comparison (calc 2) | N1: Auto flag | O1: Notes / questionable
A2: 1 | B2: MIT, GenAI Divide 2025 | C2: Corporate AI pilots that stalled before scaling | D2: 95 | E2: % | H2: 3 | I2: https://computing.co.uk/news/2025/ai/mit-report-95pc-corporate-generative-ai-pilots-fail | J2: Secondary (news report) | K2: 2 | L2: =IF(AND(E2="%",F2<>""),ROUND(D2/100*F2,0),"") | M2: =IF(K2="","",ROUND(D2/INDEX($D$2:$D$16,MATCH(K2,$A$2:$A$16,0)),1)) -> 19 | N2: =TRIM(IF(I2="","No URL (own file). ","")&IF(AND(E2="%",F2=""),"Base size not stated. ","")) -> Base size not stated. | O2: Sample mixes 150 leader interviews, 350 employee surveys, 300 deployments; checked via the news report, not the MIT PDF.
A3: 2 | B3: MIT, GenAI Divide 2025 | C3: Pilots that reached rapid revenue growth | D3: 5 | E3: % | H3: 3 | I3: https://computing.co.uk/news/2025/ai/mit-report-95pc-corporate-generative-ai-pilots-fail | J3: Secondary (news report) | L3: =IF(AND(E3="%",F3<>""),ROUND(D3/100*F3,0),"") | M3: =IF(K3="","",ROUND(D3/INDEX($D$2:$D$16,MATCH(K3,$A$2:$A$16,0)),1)) | N3: =TRIM(IF(I3="","No URL (own file). ","")&IF(AND(E3="%",F3=""),"Base size not stated. ","")) -> Base size not stated.
A4: 3 | B4: Stanford SALT Lab | C4: Tasks workers want AI to automate | D4: 46.1 | E4: % | F4: 844 | G4: tasks | H4: 4 | I4: https://arxiv.org/abs/2506.06576 | J4: Primary (arXiv) | L4: =IF(AND(E4="%",F4<>""),ROUND(D4/100*F4,0),"") -> 389 | M4: =IF(K4="","",ROUND(D4/INDEX($D$2:$D$16,MATCH(K4,$A$2:$A$16,0)),1)) | N4: =TRIM(IF(I4="","No URL (own file). ","")&IF(AND(E4="%",F4=""),"Base size not stated. ","")) | O4: 1,500 workers, 104 occupations.
A5: 4 | B5: Stanford SALT Lab | C5: Tasks where workers want more human involvement than experts judge necessary | D5: 47.5 | E5: % | F5: 844 | G5: tasks | H5: 4 | I5: https://arxiv.org/abs/2506.06576 | J5: Primary (arXiv) | L5: =IF(AND(E5="%",F5<>""),ROUND(D5/100*F5,0),"") -> 401 | M5: =IF(K5="","",ROUND(D5/INDEX($D$2:$D$16,MATCH(K5,$A$2:$A$16,0)),1)) | N5: =TRIM(IF(I5="","No URL (own file). ","")&IF(AND(E5="%",F5=""),"Base size not stated. ",""))
A6: 5 | B6: Stanford SALT Lab | C6: Y Combinator company-task mappings in low-priority or red-light zones | D6: 41 | E6: % | H6: 4 | I6: https://arxiv.org/abs/2506.06576 | J6: Primary (arXiv) | L6: =IF(AND(E6="%",F6<>""),ROUND(D6/100*F6,0),"") | M6: =IF(K6="","",ROUND(D6/INDEX($D$2:$D$16,MATCH(K6,$A$2:$A$16,0)),1)) | N6: =TRIM(IF(I6="","No URL (own file). ","")&IF(AND(E6="%",F6=""),"Base size not stated. ","")) -> Base size not stated. | O6: Paper calls the unit "mappings" in the introduction and "companies" in the results; base count not stated.
A7: 6 | B7: Hwang et al. 2024 | C7: Professional writers interviewed | D7: 19 | E7: count | H7: 5 | I7: https://arxiv.org/abs/2411.13032 | J7: Primary (arXiv) | L7: =IF(AND(E7="%",F7<>""),ROUND(D7/100*F7,0),"") | M7: =IF(K7="","",ROUND(D7/INDEX($D$2:$D$16,MATCH(K7,$A$2:$A$16,0)),1)) | N7: =TRIM(IF(I7="","No URL (own file). ","")&IF(AND(E7="%",F7=""),"Base size not stated. ","")) | O7: Small study: a signal, not proof.
A8: 7 | B8: Hwang et al. 2024 | C8: Readers surveyed | D8: 30 | E8: count | H8: 5 | I8: https://arxiv.org/abs/2411.13032 | J8: Primary (arXiv) | L8: =IF(AND(E8="%",F8<>""),ROUND(D8/100*F8,0),"") | M8: =IF(K8="","",ROUND(D8/INDEX($D$2:$D$16,MATCH(K8,$A$2:$A$16,0)),1)) | N8: =TRIM(IF(I8="","No URL (own file). ","")&IF(AND(E8="%",F8=""),"Base size not stated. ","")) | O8: Readers could not tell AI-assisted from solo writing.
A9: 8 | B9: TeamViewer / Sapio 2026 | C9: Workers who want human oversight before AI acts | D9: 61 | E9: % | F9: 4200 | G9: workers | H9: 6 | I9: https://www.teamviewer.com/hu/global/company/press/2026/ai-workplace-autonomy-global-research/ | J9: Primary (press release) | K9: 9 | L9: =IF(AND(E9="%",F9<>""),ROUND(D9/100*F9,0),"") -> 2562 | M9: =IF(K9="","",ROUND(D9/INDEX($D$2:$D$16,MATCH(K9,$A$2:$A$16,0)),1)) -> 1.7 | N9: =TRIM(IF(I9="","No URL (own file). ","")&IF(AND(E9="%",F9=""),"Base size not stated. ","")) | O9: 9 countries; fieldwork April-May 2026.
A10: 9 | B10: TeamViewer / Sapio 2026 | C10: Workers ready for AI to act more on its own | D10: 35 | E10: % | F10: 4200 | G10: workers | H10: 6 | I10: https://www.teamviewer.com/hu/global/company/press/2026/ai-workplace-autonomy-global-research/ | J10: Primary (press release) | L10: =IF(AND(E10="%",F10<>""),ROUND(D10/100*F10,0),"") -> 1470 | M10: =IF(K10="","",ROUND(D10/INDEX($D$2:$D$16,MATCH(K10,$A$2:$A$16,0)),1)) | N10: =TRIM(IF(I10="","No URL (own file). ","")&IF(AND(E10="%",F10=""),"Base size not stated. ",""))
A11: 10 | B11: TeamViewer / Sapio 2026 | C11: Workers with no concerns about AI with no human in the loop | D11: 5 | E11: % | F11: 4200 | G11: workers | H11: 6 | I11: https://www.teamviewer.com/hu/global/company/press/2026/ai-workplace-autonomy-global-research/ | J11: Primary (press release) | L11: =IF(AND(E11="%",F11<>""),ROUND(D11/100*F11,0),"") -> 210 | M11: =IF(K11="","",ROUND(D11/INDEX($D$2:$D$16,MATCH(K11,$A$2:$A$16,0)),1)) | N11: =TRIM(IF(I11="","No URL (own file). ","")&IF(AND(E11="%",F11=""),"Base size not stated. ",""))
A12: 11 | B12: TeamViewer / Sapio 2026 | C12: Workers who often or always verify AI output | D12: 56 | E12: % | F12: 4200 | G12: workers | H12: 8 | I12: https://www.teamviewer.com/hu/global/company/press/2026/ai-workplace-autonomy-global-research/ | J12: Primary (press release) | L12: =IF(AND(E12="%",F12<>""),ROUND(D12/100*F12,0),"") -> 2352 | M12: =IF(K12="","",ROUND(D12/INDEX($D$2:$D$16,MATCH(K12,$A$2:$A$16,0)),1)) | N12: =TRIM(IF(I12="","No URL (own file). ","")&IF(AND(E12="%",F12=""),"Base size not stated. ",""))
A13: 12 | B13: TeamViewer / Sapio 2026 | C13: Workers who don't always know when to trust AI | D13: 51 | E13: % | F13: 4200 | G13: workers | H13: 8 | I13: https://www.teamviewer.com/hu/global/company/press/2026/ai-workplace-autonomy-global-research/ | J13: Primary (press release) | L13: =IF(AND(E13="%",F13<>""),ROUND(D13/100*F13,0),"") -> 2142 | M13: =IF(K13="","",ROUND(D13/INDEX($D$2:$D$16,MATCH(K13,$A$2:$A$16,0)),1)) | N13: =TRIM(IF(I13="","No URL (own file). ","")&IF(AND(E13="%",F13=""),"Base size not stated. ",""))
A14: 13 | B14: TeamViewer / Sapio 2026 | C14: Hours per week spent checking AI-generated work (average) | D14: 2 | E14: hours | F14: 4200 | G14: workers | H14: 8 | I14: https://www.teamviewer.com/hu/global/company/press/2026/ai-workplace-autonomy-global-research/ | J14: Primary (press release) | L14: =IF(AND(E14="%",F14<>""),ROUND(D14/100*F14,0),"") | M14: =IF(K14="","",ROUND(D14/INDEX($D$2:$D$16,MATCH(K14,$A$2:$A$16,0)),1)) | N14: =TRIM(IF(I14="","No URL (own file). ","")&IF(AND(E14="%",F14=""),"Base size not stated. ","")) | O14: Average per respondent, so no implied count.
A15: 14 | B15: Iyengar & Lepper 2000 | C15: Bought a jar, 6-jam display | D15: 30 | E15: % | H15: 7 | I15: https://www.atticusli.com/replication-crisis/choice-overload-jam-study/ | J15: Secondary (article) | K15: 15 | L15: =IF(AND(E15="%",F15<>""),ROUND(D15/100*F15,0),"") | M15: =IF(K15="","",ROUND(D15/INDEX($D$2:$D$16,MATCH(K15,$A$2:$A$16,0)),1)) -> 10 | N15: =TRIM(IF(I15="","No URL (own file). ","")&IF(AND(E15="%",F15=""),"Base size not stated. ","")) -> Base size not stated. | O15: Share of shoppers who stopped at the display, not of all passers-by; stopper counts in the source do not reconcile cleanly. Meta-analysis (Scheibehenne et al., JCR 2010) found an average effect near zero.
A16: 15 | B16: Iyengar & Lepper 2000 | C16: Bought a jar, 24-jam display | D16: 3 | E16: % | H16: 7 | I16: https://www.atticusli.com/replication-crisis/choice-overload-jam-study/ | J16: Secondary (article) | L16: =IF(AND(E16="%",F16<>""),ROUND(D16/100*F16,0),"") | M16: =IF(K16="","",ROUND(D16/INDEX($D$2:$D$16,MATCH(K16,$A$2:$A$16,0)),1)) | N16: =TRIM(IF(I16="","No URL (own file). ","")&IF(AND(E16="%",F16=""),"Base size not stated. ","")) -> Base size not stated. | O16: Deck cites the meta-analysis as 2009; JCR lists 2010.

Sheet Chart
A1: Chart data
A2: Every value is a formula that reads the Data tab. Change a number there and the charts update.
A3: Chart 1: Pilots stalled vs. scaled (deck slide 1). Bar chart
A4: Label | B4: Item # | C4: Value | D4: Unit | E4: Implied count | F4: Source (URL)
A5: Stalled before scaling | B5: 1 | C5: =INDEX(Data!$D$2:$D$16,MATCH(B5,Data!$A$2:$A$16,0)) -> 95 | D5: =INDEX(Data!$E$2:$E$16,MATCH(B5,Data!$A$2:$A$16,0)) -> % | E5: =INDEX(Data!$L$2:$L$16,MATCH(B5,Data!$A$2:$A$16,0)) | F5: =INDEX(Data!$I$2:$I$16,MATCH(B5,Data!$A$2:$A$16,0)) -> https://computing.co.uk/news/2025/ai/mit-report-95pc-corporate-generative-ai-pilots-fail
A6: Reached rapid revenue growth | B6: 2 | C6: =INDEX(Data!$D$2:$D$16,MATCH(B6,Data!$A$2:$A$16,0)) -> 5 | D6: =INDEX(Data!$E$2:$E$16,MATCH(B6,Data!$A$2:$A$16,0)) -> % | E6: =INDEX(Data!$L$2:$L$16,MATCH(B6,Data!$A$2:$A$16,0)) | F6: =INDEX(Data!$I$2:$I$16,MATCH(B6,Data!$A$2:$A$16,0)) -> https://computing.co.uk/news/2025/ai/mit-report-95pc-corporate-generative-ai-pilots-fail
A7: Ratio stalled : reached | C7: =INDEX(Data!$M$2:$M$16,MATCH(1,Data!$A$2:$A$16,0)) -> 19
A9: Chart 2: Oversight vs. autonomy (deck slide 2). Bar chart
A10: Label | B10: Item # | C10: Value | D10: Unit | E10: Implied count | F10: Source (URL)
A11: Want human oversight before AI acts | B11: 8 | C11: =INDEX(Data!$D$2:$D$16,MATCH(B11,Data!$A$2:$A$16,0)) -> 61 | D11: =INDEX(Data!$E$2:$E$16,MATCH(B11,Data!$A$2:$A$16,0)) -> % | E11: =INDEX(Data!$L$2:$L$16,MATCH(B11,Data!$A$2:$A$16,0)) -> 2562 | F11: =INDEX(Data!$I$2:$I$16,MATCH(B11,Data!$A$2:$A$16,0)) -> https://www.teamviewer.com/hu/global/company/press/2026/ai-workplace-autonomy-global-research/
A12: Ready for AI to act more on its own | B12: 9 | C12: =INDEX(Data!$D$2:$D$16,MATCH(B12,Data!$A$2:$A$16,0)) -> 35 | D12: =INDEX(Data!$E$2:$E$16,MATCH(B12,Data!$A$2:$A$16,0)) -> % | E12: =INDEX(Data!$L$2:$L$16,MATCH(B12,Data!$A$2:$A$16,0)) -> 1470 | F12: =INDEX(Data!$I$2:$I$16,MATCH(B12,Data!$A$2:$A$16,0)) -> https://www.teamviewer.com/hu/global/company/press/2026/ai-workplace-autonomy-global-research/
A13: No concerns with no human in the loop | B13: 10 | C13: =INDEX(Data!$D$2:$D$16,MATCH(B13,Data!$A$2:$A$16,0)) -> 5 | D13: =INDEX(Data!$E$2:$E$16,MATCH(B13,Data!$A$2:$A$16,0)) -> % | E13: =INDEX(Data!$L$2:$L$16,MATCH(B13,Data!$A$2:$A$16,0)) -> 210 | F13: =INDEX(Data!$I$2:$I$16,MATCH(B13,Data!$A$2:$A$16,0)) -> https://www.teamviewer.com/hu/global/company/press/2026/ai-workplace-autonomy-global-research/
A15: Chart 3: Jam, 6 vs. 24 options. NOT in the 6-slide deck (left out; the meta-analysis found a near-zero average effect). Kept for reference, no chart.
A16: Label | B16: Item # | C16: Value | D16: Unit | E16: Implied count | F16: Source (URL)
A17: 6-jam display | B17: 14 | C17: =INDEX(Data!$D$2:$D$16,MATCH(B17,Data!$A$2:$A$16,0)) -> 30 | D17: =INDEX(Data!$E$2:$E$16,MATCH(B17,Data!$A$2:$A$16,0)) -> % | E17: =INDEX(Data!$L$2:$L$16,MATCH(B17,Data!$A$2:$A$16,0)) | F17: =INDEX(Data!$I$2:$I$16,MATCH(B17,Data!$A$2:$A$16,0)) -> https://www.atticusli.com/replication-crisis/choice-overload-jam-study/
A18: 24-jam display | B18: 15 | C18: =INDEX(Data!$D$2:$D$16,MATCH(B18,Data!$A$2:$A$16,0)) -> 3 | D18: =INDEX(Data!$E$2:$E$16,MATCH(B18,Data!$A$2:$A$16,0)) -> % | E18: =INDEX(Data!$L$2:$L$16,MATCH(B18,Data!$A$2:$A$16,0)) | F18: =INDEX(Data!$I$2:$I$16,MATCH(B18,Data!$A$2:$A$16,0)) -> https://www.atticusli.com/replication-crisis/choice-overload-jam-study/
A19: Ratio 6-jam : 24-jam | C19: =INDEX(Data!$M$2:$M$16,MATCH(14,Data!$A$2:$A$16,0)) -> 10
A21: Chart 4: Trust and verification (supporting data; deck slide 2 uses the 2 hours a week figure). Bar chart
A22: Label | B22: Item # | C22: Value | D22: Unit | E22: Implied count | F22: Source (URL)
A23: Often or always verify AI output | B23: 11 | C23: =INDEX(Data!$D$2:$D$16,MATCH(B23,Data!$A$2:$A$16,0)) -> 56 | D23: =INDEX(Data!$E$2:$E$16,MATCH(B23,Data!$A$2:$A$16,0)) -> % | E23: =INDEX(Data!$L$2:$L$16,MATCH(B23,Data!$A$2:$A$16,0)) -> 2352 | F23: =INDEX(Data!$I$2:$I$16,MATCH(B23,Data!$A$2:$A$16,0)) -> https://www.teamviewer.com/hu/global/company/press/2026/ai-workplace-autonomy-global-research/
A24: Don't always know when to trust AI | B24: 12 | C24: =INDEX(Data!$D$2:$D$16,MATCH(B24,Data!$A$2:$A$16,0)) -> 51 | D24: =INDEX(Data!$E$2:$E$16,MATCH(B24,Data!$A$2:$A$16,0)) -> % | E24: =INDEX(Data!$L$2:$L$16,MATCH(B24,Data!$A$2:$A$16,0)) -> 2142 | F24: =INDEX(Data!$I$2:$I$16,MATCH(B24,Data!$A$2:$A$16,0)) -> https://www.teamviewer.com/hu/global/company/press/2026/ai-workplace-autonomy-global-research/
A25: Hours per week checking AI work (average; not a %, keep off the bar chart) | B25: 13 | C25: =INDEX(Data!$D$2:$D$16,MATCH(B25,Data!$A$2:$A$16,0)) -> 2 | D25: =INDEX(Data!$E$2:$E$16,MATCH(B25,Data!$A$2:$A$16,0)) -> hours | F25: =INDEX(Data!$I$2:$I$16,MATCH(B25,Data!$A$2:$A$16,0)) -> https://www.teamviewer.com/hu/global/company/press/2026/ai-workplace-autonomy-global-research/
A27: Chart 5: Automate vs. more human involvement (deck slide 3). Bar chart
A28: Label | B28: Item # | C28: Value | D28: Unit | E28: Implied count | F28: Source (URL)
A29: Want more human involvement than experts judge necessary | B29: 4 | C29: =INDEX(Data!$D$2:$D$16,MATCH(B29,Data!$A$2:$A$16,0)) -> 47.5 | D29: =INDEX(Data!$E$2:$E$16,MATCH(B29,Data!$A$2:$A$16,0)) -> % | E29: =INDEX(Data!$L$2:$L$16,MATCH(B29,Data!$A$2:$A$16,0)) -> 401 | F29: =INDEX(Data!$I$2:$I$16,MATCH(B29,Data!$A$2:$A$16,0)) -> https://arxiv.org/abs/2506.06576
A30: Want AI to automate | B30: 3 | C30: =INDEX(Data!$D$2:$D$16,MATCH(B30,Data!$A$2:$A$16,0)) -> 46.1 | D30: =INDEX(Data!$E$2:$E$16,MATCH(B30,Data!$A$2:$A$16,0)) -> % | E30: =INDEX(Data!$L$2:$L$16,MATCH(B30,Data!$A$2:$A$16,0)) -> 389 | F30: =INDEX(Data!$I$2:$I$16,MATCH(B30,Data!$A$2:$A$16,0)) -> https://arxiv.org/abs/2506.06576

Sheet Methodology
A1: my-data.xlsx: Closing the Gap Between AI and Real Needs
A2: Audience | B2: AI Builder peers
A3: Question | B3: Why do AI projects stall, and what do people need from AI before they trust it?
A4: Data | B4: One row per statistic on the Data tab. Every external row has a source URL. Every row is from published research; none come from my own work.
A5: Calculated columns (formulas, not typed values)
A6: Implied count (calc 1) | B6: Data!L. Value % x base size = how many workers or tasks the percentage represents, for example 61% of 4,200 workers is 2,562 workers. Blank where the base size is not stated in the source or the unit is not %.
A7: Ratio vs. comparison (calc 2) | B7: Data!M. Value divided by the value of the item named in column K, shown as "x". Examples: jam 6 vs 24 = 10.0x, which matches "ten times"; pilots stalled vs reached growth = 19.0x. Change a value in column D and both columns update.
A8: Auto flag | B8: Data!N. Formula that flags a row when the source URL or the base size of a percentage is missing.
A9: Flags
A10: Rows with an auto flag | B10: =COUNTIF(Data!N2:N16,"?*") -> 5
A11: Rows with no base size (percentages) | B11: =COUNTIFS(Data!E2:E16,"%",Data!F2:F16,"") -> 5
A12: Rows with no URL | B12: =COUNTBLANK(Data!I2:I16) -> 0
A13: Charts | B13: Chart tab: 4 native charts (pilots, oversight vs. autonomy, verify/trust, tasks), all driven by formulas that read the Data tab. The jam data is kept but not charted: the 6-slide deck leaves it out.

Sheet Notes
A1: Topic | B1: Detail
A2: Rows to treat with care | B2: Items 1, 5, 14 and 15 carry notes in Data column O: secondary source, inconsistent unit, base not reconciled, citation year.
A3: Item 1 (MIT) | B3: Reached through a news report (Computing), not the primary report. Sample mixes 150 leader interviews, 350 employee surveys, 300 deployments.
A4: Item 5 (Stanford) | B4: The paper calls the unit "mappings" in the introduction and "companies" in the results; base count is not stated.
A5: Items 14-15 (jam study) | B5: Kept for reference, not used in the deck: share of shoppers who stopped at the display, not of all passers-by.
A6: Hwang et al. 2024 | B6: Small study (19 writers, 30 readers): a signal, not proof.
